model,mae,rmse,zt_avg_crps,zt_avg_nll,zt_interval_score_0.9,zt_interval_score_0.95,zt_pit_ks
emb,1.2905840510165487,1.668722906327536,0.8708337047893787,1.7042084058829552,8.108298173139039,11.392302372050736,0.2418396042690003
gaussian,1.2940529684813002,1.671250297740195,1.1078659644020115,1.847936837373537,7.9791202481632695,10.457369093967461,0.40548677973431824
llm-mix,1.4052860066264463,1.8152751186258667,0.9710101244778706,1.8967202797652167,9.031439971675463,13.171900414196276,0.3043538193328513
llm-mix-cal,1.35934032227506,1.7558855668529083,0.9233951208414835,1.7954952109610143,8.707095885247018,12.677570003378856,0.29267374188299383
