model,mae,rmse,zt_avg_crps,zt_avg_nll,zt_interval_score_0.9,zt_interval_score_0.95,zt_pit_ks
emb,1.440181404245687,1.8552245137602221,0.9915289418848602,1.9213300091761614,9.387830870122105,13.620522013699517,0.32226187815943674
gaussian,1.4580163733899187,1.8601190326442354,1.192090917838883,1.9342583157371185,8.463623011436795,11.340558447848222,0.42531866024305776
llm-mix,1.439320564677256,1.8651343831171232,1.0043912209790353,1.9734292185420093,9.606649411753224,13.911201438008808,0.32399881483623877
llm-mix-cal,1.38048553572638,1.7896046085641246,0.9426390618243496,1.8346024861697727,9.00174701032645,13.143771759739106,0.3020797381837462
