train_frac,cvar_0.25,expected_revenue
0.01,0.798742881281378,0.898452398174895
0.025,0.8661086937794661,0.9237389755187388
0.05,0.9174587190956931,0.9584994118880825
0.1,0.9577884740676768,0.9780488118180732
0.2,0.9801318136076425,0.9889099640669585
0.3,0.979060767766166,0.989594212404624
0.4,0.9753743773884984,0.9921660608905416
0.5,0.981269716741758,0.9946290995461877
0.6,0.9826225765911358,0.9966691019868046
0.7,0.9886435173464732,0.9960685965801469
0.8,0.9894453734840608,0.9963653768354694
